--------------------------------------------------------
--  파일이 생성됨 - 월요일-5월-20-2019   
--------------------------------------------------------
DROP SEQUENCE "DAVINCI"."BOARD_FILE_IDX_SEQ";
DROP SEQUENCE "DAVINCI"."BOARD_NO_SEQ";
DROP SEQUENCE "DAVINCI"."COMMENT_NO_SEQ";
DROP SEQUENCE "DAVINCI"."HITS_NO_SEQ";
DROP SEQUENCE "DAVINCI"."MEMBER_NO_SEQ";
DROP SEQUENCE "DAVINCI"."MENU_NO_SEQ";
DROP SEQUENCE "DAVINCI"."RECOMMEND_NO_SEQ";
DROP SEQUENCE "DAVINCI"."RESTAURANT_NO_SEQ";
DROP SEQUENCE "DAVINCI"."REVIEW_NO_SEQ";
DROP SEQUENCE "DAVINCI"."TB_FILE_IDX_SEQ";
DROP TABLE "DAVINCI"."BOARD" cascade constraints;
DROP TABLE "DAVINCI"."BOARD_FILE" cascade constraints;
DROP TABLE "DAVINCI"."COMMENTS" cascade constraints;
DROP TABLE "DAVINCI"."HITS" cascade constraints;
DROP TABLE "DAVINCI"."MEMBERS" cascade constraints;
DROP TABLE "DAVINCI"."MENUS" cascade constraints;
DROP TABLE "DAVINCI"."RECOMMEND" cascade constraints;
DROP TABLE "DAVINCI"."RESTAURANTS" cascade constraints;
DROP TABLE "DAVINCI"."REVIEW" cascade constraints;
DROP TABLE "DAVINCI"."TB_FILE" cascade constraints;
--------------------------------------------------------
--  DDL for Sequence BOARD_FILE_IDX_SEQ
--------------------------------------------------------

   CREATE SEQUENCE  "DAVINCI"."BOARD_FILE_IDX_SEQ"  MINVALUE 1 MAXVALUE 9999999999999999999999999999 INCREMENT BY 1 START WITH 1 CACHE 20 NOORDER  NOCYCLE ;
--------------------------------------------------------
--  DDL for Sequence BOARD_NO_SEQ
--------------------------------------------------------

   CREATE SEQUENCE  "DAVINCI"."BOARD_NO_SEQ"  MINVALUE 1 MAXVALUE 9999999999999999999999999999 INCREMENT BY 1 START WITH 41 CACHE 20 NOORDER  NOCYCLE ;
--------------------------------------------------------
--  DDL for Sequence COMMENT_NO_SEQ
--------------------------------------------------------

   CREATE SEQUENCE  "DAVINCI"."COMMENT_NO_SEQ"  MINVALUE 1 MAXVALUE 9999999999999999999999999999 INCREMENT BY 1 START WITH 41 CACHE 20 NOORDER  NOCYCLE ;
--------------------------------------------------------
--  DDL for Sequence HITS_NO_SEQ
--------------------------------------------------------

   CREATE SEQUENCE  "DAVINCI"."HITS_NO_SEQ"  MINVALUE 1 MAXVALUE 9999999999999999999999999999 INCREMENT BY 1 START WITH 21 CACHE 20 NOORDER  NOCYCLE ;
--------------------------------------------------------
--  DDL for Sequence MEMBER_NO_SEQ
--------------------------------------------------------

   CREATE SEQUENCE  "DAVINCI"."MEMBER_NO_SEQ"  MINVALUE 1 MAXVALUE 9999999999999999999999999999 INCREMENT BY 1 START WITH 21 CACHE 20 NOORDER  NOCYCLE ;
--------------------------------------------------------
--  DDL for Sequence MENU_NO_SEQ
--------------------------------------------------------

   CREATE SEQUENCE  "DAVINCI"."MENU_NO_SEQ"  MINVALUE 1 MAXVALUE 9999999999999999999999999999 INCREMENT BY 1 START WITH 121 CACHE 20 NOORDER  NOCYCLE ;
--------------------------------------------------------
--  DDL for Sequence RECOMMEND_NO_SEQ
--------------------------------------------------------

   CREATE SEQUENCE  "DAVINCI"."RECOMMEND_NO_SEQ"  MINVALUE 1 MAXVALUE 9999999999999999999999999999 INCREMENT BY 1 START WITH 1 CACHE 20 NOORDER  NOCYCLE ;
--------------------------------------------------------
--  DDL for Sequence RESTAURANT_NO_SEQ
--------------------------------------------------------

   CREATE SEQUENCE  "DAVINCI"."RESTAURANT_NO_SEQ"  MINVALUE 1 MAXVALUE 9999999999999999999999999999 INCREMENT BY 1 START WITH 41 CACHE 20 NOORDER  NOCYCLE ;
--------------------------------------------------------
--  DDL for Sequence REVIEW_NO_SEQ
--------------------------------------------------------

   CREATE SEQUENCE  "DAVINCI"."REVIEW_NO_SEQ"  MINVALUE 1 MAXVALUE 9999999999999999999999999999 INCREMENT BY 1 START WITH 1 CACHE 20 NOORDER  NOCYCLE ;
--------------------------------------------------------
--  DDL for Sequence TB_FILE_IDX_SEQ
--------------------------------------------------------

   CREATE SEQUENCE  "DAVINCI"."TB_FILE_IDX_SEQ"  MINVALUE 1 MAXVALUE 9999999999999999999999999999 INCREMENT BY 1 START WITH 41 CACHE 20 NOORDER  NOCYCLE ;
--------------------------------------------------------
--  DDL for Table BOARD
--------------------------------------------------------

  CREATE TABLE "DAVINCI"."BOARD" 
   (	"BOARD_NO" NUMBER, 
	"MEMBER_NO" NUMBER, 
	"TITLE" VARCHAR2(100 BYTE), 
	"CONTENTS" VARCHAR2(4000 BYTE), 
	"CRE_DATE" DATE, 
	"MOD_DATE" DATE, 
	"RECOMMEND_COUNT" NUMBER, 
	"HITS" NUMBER
   ) SEGMENT CREATION IMMEDIATE 
  PCTFREE 10 PCTUSED 40 INITRANS 1 MAXTRANS 255 NOCOMPRESS LOGGING
  STORAGE(INITIAL 65536 NEXT 1048576 MINEXTENTS 1 MAXEXTENTS 2147483645
  PCTINCREASE 0 FREELISTS 1 FREELIST GROUPS 1 BUFFER_POOL DEFAULT FLASH_CACHE DEFAULT CELL_FLASH_CACHE DEFAULT)
  TABLESPACE "SYSTEM" ;
--------------------------------------------------------
--  DDL for Table BOARD_FILE
--------------------------------------------------------

  CREATE TABLE "DAVINCI"."BOARD_FILE" 
   (	"IDX" NUMBER, 
	"PARENT_SEQ" NUMBER, 
	"ORIGINAL_FILE_NAME" VARCHAR2(260 BYTE), 
	"STORED_FILE_NAME" VARCHAR2(36 BYTE), 
	"FILE_SIZE" NUMBER, 
	"CRE_DATE" DATE
   ) SEGMENT CREATION IMMEDIATE 
  PCTFREE 10 PCTUSED 40 INITRANS 1 MAXTRANS 255 NOCOMPRESS LOGGING
  STORAGE(INITIAL 65536 NEXT 1048576 MINEXTENTS 1 MAXEXTENTS 2147483645
  PCTINCREASE 0 FREELISTS 1 FREELIST GROUPS 1 BUFFER_POOL DEFAULT FLASH_CACHE DEFAULT CELL_FLASH_CACHE DEFAULT)
  TABLESPACE "SYSTEM" ;
--------------------------------------------------------
--  DDL for Table COMMENTS
--------------------------------------------------------

  CREATE TABLE "DAVINCI"."COMMENTS" 
   (	"COMMENT_NO" NUMBER, 
	"BOARD_NO" NUMBER, 
	"MEMBER_NO" NUMBER, 
	"PARENT_COMMENT_NO" NUMBER, 
	"CONTENTS" VARCHAR2(4000 BYTE), 
	"CRE_DATE" DATE, 
	"MOD_DATE" DATE, 
	"RECOMMEND_COUNT" NUMBER
   ) SEGMENT CREATION IMMEDIATE 
  PCTFREE 10 PCTUSED 40 INITRANS 1 MAXTRANS 255 NOCOMPRESS LOGGING
  STORAGE(INITIAL 65536 NEXT 1048576 MINEXTENTS 1 MAXEXTENTS 2147483645
  PCTINCREASE 0 FREELISTS 1 FREELIST GROUPS 1 BUFFER_POOL DEFAULT FLASH_CACHE DEFAULT CELL_FLASH_CACHE DEFAULT)
  TABLESPACE "SYSTEM" ;
--------------------------------------------------------
--  DDL for Table HITS
--------------------------------------------------------

  CREATE TABLE "DAVINCI"."HITS" 
   (	"HITS_NO" NUMBER, 
	"BOARD_NO" NUMBER, 
	"MEMBER_NO" NUMBER, 
	"CRE_DATE" DATE
   ) SEGMENT CREATION IMMEDIATE 
  PCTFREE 10 PCTUSED 40 INITRANS 1 MAXTRANS 255 NOCOMPRESS LOGGING
  STORAGE(INITIAL 65536 NEXT 1048576 MINEXTENTS 1 MAXEXTENTS 2147483645
  PCTINCREASE 0 FREELISTS 1 FREELIST GROUPS 1 BUFFER_POOL DEFAULT FLASH_CACHE DEFAULT CELL_FLASH_CACHE DEFAULT)
  TABLESPACE "SYSTEM" ;
--------------------------------------------------------
--  DDL for Table MEMBERS
--------------------------------------------------------

  CREATE TABLE "DAVINCI"."MEMBERS" 
   (	"MEMBER_NO" NUMBER, 
	"MEMBER_GRADE" VARCHAR2(20 BYTE), 
	"EMAIL" VARCHAR2(50 BYTE), 
	"NICKNAME" VARCHAR2(50 BYTE), 
	"PASSWORD" VARCHAR2(50 BYTE), 
	"CRE_DATE" DATE, 
	"MOD_DATE" DATE
   ) SEGMENT CREATION IMMEDIATE 
  PCTFREE 10 PCTUSED 40 INITRANS 1 MAXTRANS 255 NOCOMPRESS LOGGING
  STORAGE(INITIAL 65536 NEXT 1048576 MINEXTENTS 1 MAXEXTENTS 2147483645
  PCTINCREASE 0 FREELISTS 1 FREELIST GROUPS 1 BUFFER_POOL DEFAULT FLASH_CACHE DEFAULT CELL_FLASH_CACHE DEFAULT)
  TABLESPACE "SYSTEM" ;
--------------------------------------------------------
--  DDL for Table MENUS
--------------------------------------------------------

  CREATE TABLE "DAVINCI"."MENUS" 
   (	"MENU_NO" NUMBER, 
	"RESTAURANT_NO" NUMBER, 
	"MEMBER_NO" NUMBER, 
	"MENU_NAME" VARCHAR2(100 BYTE), 
	"PRICE" NUMBER, 
	"CRE_DATE" DATE, 
	"MOD_DATE" DATE
   ) SEGMENT CREATION IMMEDIATE 
  PCTFREE 10 PCTUSED 40 INITRANS 1 MAXTRANS 255 NOCOMPRESS LOGGING
  STORAGE(INITIAL 65536 NEXT 1048576 MINEXTENTS 1 MAXEXTENTS 2147483645
  PCTINCREASE 0 FREELISTS 1 FREELIST GROUPS 1 BUFFER_POOL DEFAULT FLASH_CACHE DEFAULT CELL_FLASH_CACHE DEFAULT)
  TABLESPACE "SYSTEM" ;
--------------------------------------------------------
--  DDL for Table RECOMMEND
--------------------------------------------------------

  CREATE TABLE "DAVINCI"."RECOMMEND" 
   (	"RECOMMEND_NO" NUMBER, 
	"COMMENT_NO" NUMBER, 
	"COMMENT_PARENT_NO" NUMBER, 
	"BOARD_NO" NUMBER, 
	"MEMBER_NO" NUMBER
   ) SEGMENT CREATION IMMEDIATE 
  PCTFREE 10 PCTUSED 40 INITRANS 1 MAXTRANS 255 NOCOMPRESS LOGGING
  STORAGE(INITIAL 65536 NEXT 1048576 MINEXTENTS 1 MAXEXTENTS 2147483645
  PCTINCREASE 0 FREELISTS 1 FREELIST GROUPS 1 BUFFER_POOL DEFAULT FLASH_CACHE DEFAULT CELL_FLASH_CACHE DEFAULT)
  TABLESPACE "SYSTEM" ;
--------------------------------------------------------
--  DDL for Table RESTAURANTS
--------------------------------------------------------

  CREATE TABLE "DAVINCI"."RESTAURANTS" 
   (	"RESTAURANT_NO" NUMBER, 
	"MEMBER_NO" NUMBER, 
	"RESTAURANT_NAME" VARCHAR2(100 BYTE), 
	"CATEGORY" VARCHAR2(50 BYTE), 
	"PHONE" VARCHAR2(80 BYTE), 
	"OPERATING_TIME" VARCHAR2(200 BYTE), 
	"CLOSING_TIME" VARCHAR2(200 BYTE), 
	"CLOSED_DATES" VARCHAR2(200 BYTE), 
	"ADDRESS" VARCHAR2(300 BYTE), 
	"CONTENTS" VARCHAR2(4000 BYTE), 
	"CRE_DATE" DATE, 
	"MOD_DATE" DATE
   ) SEGMENT CREATION IMMEDIATE 
  PCTFREE 10 PCTUSED 40 INITRANS 1 MAXTRANS 255 NOCOMPRESS LOGGING
  STORAGE(INITIAL 65536 NEXT 1048576 MINEXTENTS 1 MAXEXTENTS 2147483645
  PCTINCREASE 0 FREELISTS 1 FREELIST GROUPS 1 BUFFER_POOL DEFAULT FLASH_CACHE DEFAULT CELL_FLASH_CACHE DEFAULT)
  TABLESPACE "SYSTEM" ;
--------------------------------------------------------
--  DDL for Table REVIEW
--------------------------------------------------------

  CREATE TABLE "DAVINCI"."REVIEW" 
   (	"REVIEW_NO" NUMBER, 
	"RESTAURANT_NO" NUMBER, 
	"MEMBER_NO" NUMBER, 
	"PARENT_REVIEW_NO" NUMBER, 
	"CONTENTS" VARCHAR2(4000 BYTE), 
	"CRE_DATE" DATE, 
	"MOD_DATE" DATE
   ) SEGMENT CREATION IMMEDIATE 
  PCTFREE 10 PCTUSED 40 INITRANS 1 MAXTRANS 255 NOCOMPRESS LOGGING
  STORAGE(INITIAL 65536 NEXT 1048576 MINEXTENTS 1 MAXEXTENTS 2147483645
  PCTINCREASE 0 FREELISTS 1 FREELIST GROUPS 1 BUFFER_POOL DEFAULT FLASH_CACHE DEFAULT CELL_FLASH_CACHE DEFAULT)
  TABLESPACE "SYSTEM" ;
--------------------------------------------------------
--  DDL for Table TB_FILE
--------------------------------------------------------

  CREATE TABLE "DAVINCI"."TB_FILE" 
   (	"IDX" NUMBER, 
	"PARENT_SEQ" NUMBER, 
	"ORIGINAL_FILE_NAME" VARCHAR2(260 BYTE), 
	"STORED_FILE_NAME" VARCHAR2(36 BYTE), 
	"FILE_SIZE" NUMBER, 
	"CRE_DATE" DATE
   ) SEGMENT CREATION IMMEDIATE 
  PCTFREE 10 PCTUSED 40 INITRANS 1 MAXTRANS 255 NOCOMPRESS LOGGING
  STORAGE(INITIAL 65536 NEXT 1048576 MINEXTENTS 1 MAXEXTENTS 2147483645
  PCTINCREASE 0 FREELISTS 1 FREELIST GROUPS 1 BUFFER_POOL DEFAULT FLASH_CACHE DEFAULT CELL_FLASH_CACHE DEFAULT)
  TABLESPACE "SYSTEM" ;
REM INSERTING into DAVINCI.BOARD
SET DEFINE OFF;
Insert into DAVINCI.BOARD (BOARD_NO,MEMBER_NO,TITLE,CONTENTS,CRE_DATE,MOD_DATE,RECOMMEND_COUNT,HITS) values (1,1,'제목00','내용00',to_date('19/05/20','RR/MM/DD'),to_date('19/05/20','RR/MM/DD'),0,0);
Insert into DAVINCI.BOARD (BOARD_NO,MEMBER_NO,TITLE,CONTENTS,CRE_DATE,MOD_DATE,RECOMMEND_COUNT,HITS) values (2,1,'제목01','내용01',to_date('19/05/20','RR/MM/DD'),to_date('19/05/20','RR/MM/DD'),0,0);
Insert into DAVINCI.BOARD (BOARD_NO,MEMBER_NO,TITLE,CONTENTS,CRE_DATE,MOD_DATE,RECOMMEND_COUNT,HITS) values (3,2,'제목02','내용02',to_date('19/05/20','RR/MM/DD'),to_date('19/05/20','RR/MM/DD'),0,0);
Insert into DAVINCI.BOARD (BOARD_NO,MEMBER_NO,TITLE,CONTENTS,CRE_DATE,MOD_DATE,RECOMMEND_COUNT,HITS) values (4,2,'제목03','내용03',to_date('19/05/20','RR/MM/DD'),to_date('19/05/20','RR/MM/DD'),0,0);
Insert into DAVINCI.BOARD (BOARD_NO,MEMBER_NO,TITLE,CONTENTS,CRE_DATE,MOD_DATE,RECOMMEND_COUNT,HITS) values (5,3,'제목04','내용04',to_date('19/05/20','RR/MM/DD'),to_date('19/05/20','RR/MM/DD'),0,0);
Insert into DAVINCI.BOARD (BOARD_NO,MEMBER_NO,TITLE,CONTENTS,CRE_DATE,MOD_DATE,RECOMMEND_COUNT,HITS) values (6,3,'제목05','내용05',to_date('19/05/20','RR/MM/DD'),to_date('19/05/20','RR/MM/DD'),0,0);
Insert into DAVINCI.BOARD (BOARD_NO,MEMBER_NO,TITLE,CONTENTS,CRE_DATE,MOD_DATE,RECOMMEND_COUNT,HITS) values (7,4,'제목06','내용06',to_date('19/05/20','RR/MM/DD'),to_date('19/05/20','RR/MM/DD'),0,0);
Insert into DAVINCI.BOARD (BOARD_NO,MEMBER_NO,TITLE,CONTENTS,CRE_DATE,MOD_DATE,RECOMMEND_COUNT,HITS) values (8,4,'제목07','내용07',to_date('19/05/20','RR/MM/DD'),to_date('19/05/20','RR/MM/DD'),0,0);
Insert into DAVINCI.BOARD (BOARD_NO,MEMBER_NO,TITLE,CONTENTS,CRE_DATE,MOD_DATE,RECOMMEND_COUNT,HITS) values (9,5,'제목08','내용08',to_date('19/05/20','RR/MM/DD'),to_date('19/05/20','RR/MM/DD'),0,0);
Insert into DAVINCI.BOARD (BOARD_NO,MEMBER_NO,TITLE,CONTENTS,CRE_DATE,MOD_DATE,RECOMMEND_COUNT,HITS) values (10,5,'제목09','내용09',to_date('19/05/20','RR/MM/DD'),to_date('19/05/20','RR/MM/DD'),0,0);
Insert into DAVINCI.BOARD (BOARD_NO,MEMBER_NO,TITLE,CONTENTS,CRE_DATE,MOD_DATE,RECOMMEND_COUNT,HITS) values (11,6,'제목10','내용10',to_date('19/05/20','RR/MM/DD'),to_date('19/05/20','RR/MM/DD'),0,0);
Insert into DAVINCI.BOARD (BOARD_NO,MEMBER_NO,TITLE,CONTENTS,CRE_DATE,MOD_DATE,RECOMMEND_COUNT,HITS) values (12,6,'제목11','내용11',to_date('19/05/20','RR/MM/DD'),to_date('19/05/20','RR/MM/DD'),0,0);
Insert into DAVINCI.BOARD (BOARD_NO,MEMBER_NO,TITLE,CONTENTS,CRE_DATE,MOD_DATE,RECOMMEND_COUNT,HITS) values (13,7,'제목12','내용12',to_date('19/05/20','RR/MM/DD'),to_date('19/05/20','RR/MM/DD'),0,0);
Insert into DAVINCI.BOARD (BOARD_NO,MEMBER_NO,TITLE,CONTENTS,CRE_DATE,MOD_DATE,RECOMMEND_COUNT,HITS) values (14,7,'제목13','내용13',to_date('19/05/20','RR/MM/DD'),to_date('19/05/20','RR/MM/DD'),0,0);
Insert into DAVINCI.BOARD (BOARD_NO,MEMBER_NO,TITLE,CONTENTS,CRE_DATE,MOD_DATE,RECOMMEND_COUNT,HITS) values (15,8,'제목14','내용14',to_date('19/05/20','RR/MM/DD'),to_date('19/05/20','RR/MM/DD'),0,0);
Insert into DAVINCI.BOARD (BOARD_NO,MEMBER_NO,TITLE,CONTENTS,CRE_DATE,MOD_DATE,RECOMMEND_COUNT,HITS) values (16,8,'제목14','내용14',to_date('19/05/20','RR/MM/DD'),to_date('19/05/20','RR/MM/DD'),0,0);
Insert into DAVINCI.BOARD (BOARD_NO,MEMBER_NO,TITLE,CONTENTS,CRE_DATE,MOD_DATE,RECOMMEND_COUNT,HITS) values (17,9,'제목15','내용15',to_date('19/05/20','RR/MM/DD'),to_date('19/05/20','RR/MM/DD'),0,0);
Insert into DAVINCI.BOARD (BOARD_NO,MEMBER_NO,TITLE,CONTENTS,CRE_DATE,MOD_DATE,RECOMMEND_COUNT,HITS) values (18,9,'제목16','내용16',to_date('19/05/20','RR/MM/DD'),to_date('19/05/20','RR/MM/DD'),0,0);
Insert into DAVINCI.BOARD (BOARD_NO,MEMBER_NO,TITLE,CONTENTS,CRE_DATE,MOD_DATE,RECOMMEND_COUNT,HITS) values (19,10,'제목17','내용17',to_date('19/05/20','RR/MM/DD'),to_date('19/05/20','RR/MM/DD'),0,0);
Insert into DAVINCI.BOARD (BOARD_NO,MEMBER_NO,TITLE,CONTENTS,CRE_DATE,MOD_DATE,RECOMMEND_COUNT,HITS) values (20,10,'제목18','내용18',to_date('19/05/20','RR/MM/DD'),to_date('19/05/20','RR/MM/DD'),0,0);
Insert into DAVINCI.BOARD (BOARD_NO,MEMBER_NO,TITLE,CONTENTS,CRE_DATE,MOD_DATE,RECOMMEND_COUNT,HITS) values (21,11,'제목19','내용19',to_date('19/05/20','RR/MM/DD'),to_date('19/05/20','RR/MM/DD'),0,0);
Insert into DAVINCI.BOARD (BOARD_NO,MEMBER_NO,TITLE,CONTENTS,CRE_DATE,MOD_DATE,RECOMMEND_COUNT,HITS) values (22,11,'제목20','내용20',to_date('19/05/20','RR/MM/DD'),to_date('19/05/20','RR/MM/DD'),0,2);
REM INSERTING into DAVINCI.BOARD_FILE
SET DEFINE OFF;
REM INSERTING into DAVINCI.COMMENTS
SET DEFINE OFF;
Insert into DAVINCI.COMMENTS (COMMENT_NO,BOARD_NO,MEMBER_NO,PARENT_COMMENT_NO,CONTENTS,CRE_DATE,MOD_DATE,RECOMMEND_COUNT) values (1,22,2,0,'첫번째 댓글입니다.',to_date('19/05/20','RR/MM/DD'),to_date('19/05/20','RR/MM/DD'),0);
Insert into DAVINCI.COMMENTS (COMMENT_NO,BOARD_NO,MEMBER_NO,PARENT_COMMENT_NO,CONTENTS,CRE_DATE,MOD_DATE,RECOMMEND_COUNT) values (2,22,2,0,'두번째 댓글입니다',to_date('19/05/20','RR/MM/DD'),to_date('19/05/20','RR/MM/DD'),0);
Insert into DAVINCI.COMMENTS (COMMENT_NO,BOARD_NO,MEMBER_NO,PARENT_COMMENT_NO,CONTENTS,CRE_DATE,MOD_DATE,RECOMMEND_COUNT) values (3,22,2,0,'세번재 댓글입니다',to_date('19/05/20','RR/MM/DD'),to_date('19/05/20','RR/MM/DD'),0);
Insert into DAVINCI.COMMENTS (COMMENT_NO,BOARD_NO,MEMBER_NO,PARENT_COMMENT_NO,CONTENTS,CRE_DATE,MOD_DATE,RECOMMEND_COUNT) values (4,22,2,0,'네번째 댓글입니다',to_date('19/05/20','RR/MM/DD'),to_date('19/05/20','RR/MM/DD'),0);
Insert into DAVINCI.COMMENTS (COMMENT_NO,BOARD_NO,MEMBER_NO,PARENT_COMMENT_NO,CONTENTS,CRE_DATE,MOD_DATE,RECOMMEND_COUNT) values (5,22,2,0,'다섯번째 댓글입니다.',to_date('19/05/20','RR/MM/DD'),to_date('19/05/20','RR/MM/DD'),0);
Insert into DAVINCI.COMMENTS (COMMENT_NO,BOARD_NO,MEMBER_NO,PARENT_COMMENT_NO,CONTENTS,CRE_DATE,MOD_DATE,RECOMMEND_COUNT) values (6,22,2,0,'여섯번째 댓글입니다.',to_date('19/05/20','RR/MM/DD'),to_date('19/05/20','RR/MM/DD'),0);
Insert into DAVINCI.COMMENTS (COMMENT_NO,BOARD_NO,MEMBER_NO,PARENT_COMMENT_NO,CONTENTS,CRE_DATE,MOD_DATE,RECOMMEND_COUNT) values (7,22,2,0,'일곱번째 댓글입니다.',to_date('19/05/20','RR/MM/DD'),to_date('19/05/20','RR/MM/DD'),0);
Insert into DAVINCI.COMMENTS (COMMENT_NO,BOARD_NO,MEMBER_NO,PARENT_COMMENT_NO,CONTENTS,CRE_DATE,MOD_DATE,RECOMMEND_COUNT) values (8,22,2,0,'여덟번째 댓글입니다.',to_date('19/05/20','RR/MM/DD'),to_date('19/05/20','RR/MM/DD'),0);
Insert into DAVINCI.COMMENTS (COMMENT_NO,BOARD_NO,MEMBER_NO,PARENT_COMMENT_NO,CONTENTS,CRE_DATE,MOD_DATE,RECOMMEND_COUNT) values (9,22,2,0,'아홉번째 댓글입니다.',to_date('19/05/20','RR/MM/DD'),to_date('19/05/20','RR/MM/DD'),0);
Insert into DAVINCI.COMMENTS (COMMENT_NO,BOARD_NO,MEMBER_NO,PARENT_COMMENT_NO,CONTENTS,CRE_DATE,MOD_DATE,RECOMMEND_COUNT) values (10,22,2,0,'열번째 댓글입니다.',to_date('19/05/20','RR/MM/DD'),to_date('19/05/20','RR/MM/DD'),0);
Insert into DAVINCI.COMMENTS (COMMENT_NO,BOARD_NO,MEMBER_NO,PARENT_COMMENT_NO,CONTENTS,CRE_DATE,MOD_DATE,RECOMMEND_COUNT) values (11,22,2,0,'열한번째 댓글입니다.',to_date('19/05/20','RR/MM/DD'),to_date('19/05/20','RR/MM/DD'),0);
Insert into DAVINCI.COMMENTS (COMMENT_NO,BOARD_NO,MEMBER_NO,PARENT_COMMENT_NO,CONTENTS,CRE_DATE,MOD_DATE,RECOMMEND_COUNT) values (12,22,2,0,'열두번째 댓글입니다.',to_date('19/05/20','RR/MM/DD'),to_date('19/05/20','RR/MM/DD'),0);
Insert into DAVINCI.COMMENTS (COMMENT_NO,BOARD_NO,MEMBER_NO,PARENT_COMMENT_NO,CONTENTS,CRE_DATE,MOD_DATE,RECOMMEND_COUNT) values (13,22,2,0,'열세번째 댓글입니다.',to_date('19/05/20','RR/MM/DD'),to_date('19/05/20','RR/MM/DD'),0);
Insert into DAVINCI.COMMENTS (COMMENT_NO,BOARD_NO,MEMBER_NO,PARENT_COMMENT_NO,CONTENTS,CRE_DATE,MOD_DATE,RECOMMEND_COUNT) values (14,22,2,0,'열네번째 댓글입니다.',to_date('19/05/20','RR/MM/DD'),to_date('19/05/20','RR/MM/DD'),0);
Insert into DAVINCI.COMMENTS (COMMENT_NO,BOARD_NO,MEMBER_NO,PARENT_COMMENT_NO,CONTENTS,CRE_DATE,MOD_DATE,RECOMMEND_COUNT) values (15,22,2,0,'열다섯번째 댓글입니다.',to_date('19/05/20','RR/MM/DD'),to_date('19/05/20','RR/MM/DD'),0);
Insert into DAVINCI.COMMENTS (COMMENT_NO,BOARD_NO,MEMBER_NO,PARENT_COMMENT_NO,CONTENTS,CRE_DATE,MOD_DATE,RECOMMEND_COUNT) values (16,22,2,0,'열여섯번째 댓글입니다.',to_date('19/05/20','RR/MM/DD'),to_date('19/05/20','RR/MM/DD'),0);
Insert into DAVINCI.COMMENTS (COMMENT_NO,BOARD_NO,MEMBER_NO,PARENT_COMMENT_NO,CONTENTS,CRE_DATE,MOD_DATE,RECOMMEND_COUNT) values (17,22,2,0,'열일곱번째 댓글입니다.',to_date('19/05/20','RR/MM/DD'),to_date('19/05/20','RR/MM/DD'),0);
Insert into DAVINCI.COMMENTS (COMMENT_NO,BOARD_NO,MEMBER_NO,PARENT_COMMENT_NO,CONTENTS,CRE_DATE,MOD_DATE,RECOMMEND_COUNT) values (18,22,2,0,'열여덜번재 댓글 입니다.',to_date('19/05/20','RR/MM/DD'),to_date('19/05/20','RR/MM/DD'),0);
Insert into DAVINCI.COMMENTS (COMMENT_NO,BOARD_NO,MEMBER_NO,PARENT_COMMENT_NO,CONTENTS,CRE_DATE,MOD_DATE,RECOMMEND_COUNT) values (19,22,2,0,'열 아홉번째 댓글입니다.',to_date('19/05/20','RR/MM/DD'),to_date('19/05/20','RR/MM/DD'),0);
Insert into DAVINCI.COMMENTS (COMMENT_NO,BOARD_NO,MEMBER_NO,PARENT_COMMENT_NO,CONTENTS,CRE_DATE,MOD_DATE,RECOMMEND_COUNT) values (20,22,2,0,'스무번째 댓글입니다.',to_date('19/05/20','RR/MM/DD'),to_date('19/05/20','RR/MM/DD'),0);
Insert into DAVINCI.COMMENTS (COMMENT_NO,BOARD_NO,MEMBER_NO,PARENT_COMMENT_NO,CONTENTS,CRE_DATE,MOD_DATE,RECOMMEND_COUNT) values (21,22,2,0,'스무 한번째 댓글입니다.',to_date('19/05/20','RR/MM/DD'),to_date('19/05/20','RR/MM/DD'),0);
Insert into DAVINCI.COMMENTS (COMMENT_NO,BOARD_NO,MEMBER_NO,PARENT_COMMENT_NO,CONTENTS,CRE_DATE,MOD_DATE,RECOMMEND_COUNT) values (22,22,2,0,'스무 두번째 댓글입니다.',to_date('19/05/20','RR/MM/DD'),to_date('19/05/20','RR/MM/DD'),0);
Insert into DAVINCI.COMMENTS (COMMENT_NO,BOARD_NO,MEMBER_NO,PARENT_COMMENT_NO,CONTENTS,CRE_DATE,MOD_DATE,RECOMMEND_COUNT) values (23,22,2,0,'스무 네번째 댓글입니다.',to_date('19/05/20','RR/MM/DD'),to_date('19/05/20','RR/MM/DD'),0);
REM INSERTING into DAVINCI.HITS
SET DEFINE OFF;
Insert into DAVINCI.HITS (HITS_NO,BOARD_NO,MEMBER_NO,CRE_DATE) values (1,22,1,to_date('19/05/20','RR/MM/DD'));
Insert into DAVINCI.HITS (HITS_NO,BOARD_NO,MEMBER_NO,CRE_DATE) values (2,22,2,to_date('19/05/20','RR/MM/DD'));
REM INSERTING into DAVINCI.MEMBERS
SET DEFINE OFF;
Insert into DAVINCI.MEMBERS (MEMBER_NO,MEMBER_GRADE,EMAIL,NICKNAME,PASSWORD,CRE_DATE,MOD_DATE) values (1,'admin','s0@test.com','관리자','0000',to_date('19/05/20','RR/MM/DD'),to_date('19/05/20','RR/MM/DD'));
Insert into DAVINCI.MEMBERS (MEMBER_NO,MEMBER_GRADE,EMAIL,NICKNAME,PASSWORD,CRE_DATE,MOD_DATE) values (2,'member','s1@test.com','사용자01','1111',to_date('19/05/20','RR/MM/DD'),to_date('19/05/20','RR/MM/DD'));
Insert into DAVINCI.MEMBERS (MEMBER_NO,MEMBER_GRADE,EMAIL,NICKNAME,PASSWORD,CRE_DATE,MOD_DATE) values (3,'member','s2@test.com','사용자02','2222',to_date('19/05/20','RR/MM/DD'),to_date('19/05/20','RR/MM/DD'));
Insert into DAVINCI.MEMBERS (MEMBER_NO,MEMBER_GRADE,EMAIL,NICKNAME,PASSWORD,CRE_DATE,MOD_DATE) values (4,'member','s3@test.com','사용자03','3333',to_date('19/05/20','RR/MM/DD'),to_date('19/05/20','RR/MM/DD'));
Insert into DAVINCI.MEMBERS (MEMBER_NO,MEMBER_GRADE,EMAIL,NICKNAME,PASSWORD,CRE_DATE,MOD_DATE) values (5,'member','s4@test.com','사용자04','4444',to_date('19/05/20','RR/MM/DD'),to_date('19/05/20','RR/MM/DD'));
Insert into DAVINCI.MEMBERS (MEMBER_NO,MEMBER_GRADE,EMAIL,NICKNAME,PASSWORD,CRE_DATE,MOD_DATE) values (6,'member','s5@test.com','사용자05','5555',to_date('19/05/20','RR/MM/DD'),to_date('19/05/20','RR/MM/DD'));
Insert into DAVINCI.MEMBERS (MEMBER_NO,MEMBER_GRADE,EMAIL,NICKNAME,PASSWORD,CRE_DATE,MOD_DATE) values (7,'member','s6@test.com','사용자06','6666',to_date('19/05/20','RR/MM/DD'),to_date('19/05/20','RR/MM/DD'));
Insert into DAVINCI.MEMBERS (MEMBER_NO,MEMBER_GRADE,EMAIL,NICKNAME,PASSWORD,CRE_DATE,MOD_DATE) values (8,'member','s7@test.com','사용자07','7777',to_date('19/05/20','RR/MM/DD'),to_date('19/05/20','RR/MM/DD'));
Insert into DAVINCI.MEMBERS (MEMBER_NO,MEMBER_GRADE,EMAIL,NICKNAME,PASSWORD,CRE_DATE,MOD_DATE) values (9,'member','s8@test.com','사용자08','8888',to_date('19/05/20','RR/MM/DD'),to_date('19/05/20','RR/MM/DD'));
Insert into DAVINCI.MEMBERS (MEMBER_NO,MEMBER_GRADE,EMAIL,NICKNAME,PASSWORD,CRE_DATE,MOD_DATE) values (10,'member','s9@test.com','사용자09','9999',to_date('19/05/20','RR/MM/DD'),to_date('19/05/20','RR/MM/DD'));
Insert into DAVINCI.MEMBERS (MEMBER_NO,MEMBER_GRADE,EMAIL,NICKNAME,PASSWORD,CRE_DATE,MOD_DATE) values (11,'member','s10@test.com','사용자10','1010',to_date('19/05/20','RR/MM/DD'),to_date('19/05/20','RR/MM/DD'));
Insert into DAVINCI.MEMBERS (MEMBER_NO,MEMBER_GRADE,EMAIL,NICKNAME,PASSWORD,CRE_DATE,MOD_DATE) values (12,'member','s11@test.com','사용자11','1111',to_date('19/05/20','RR/MM/DD'),to_date('19/05/20','RR/MM/DD'));
Insert into DAVINCI.MEMBERS (MEMBER_NO,MEMBER_GRADE,EMAIL,NICKNAME,PASSWORD,CRE_DATE,MOD_DATE) values (13,'member','s12@test.com','사용자12','1212',to_date('19/05/20','RR/MM/DD'),to_date('19/05/20','RR/MM/DD'));
REM INSERTING into DAVINCI.MENUS
SET DEFINE OFF;
Insert into DAVINCI.MENUS (MENU_NO,RESTAURANT_NO,MEMBER_NO,MENU_NAME,PRICE,CRE_DATE,MOD_DATE) values (107,1,1,'순대국01',7500,to_date('19/05/20','RR/MM/DD'),to_date('19/05/20','RR/MM/DD'));
Insert into DAVINCI.MENUS (MENU_NO,RESTAURANT_NO,MEMBER_NO,MENU_NAME,PRICE,CRE_DATE,MOD_DATE) values (108,1,1,'국밥01',8000,to_date('19/05/20','RR/MM/DD'),to_date('19/05/20','RR/MM/DD'));
Insert into DAVINCI.MENUS (MENU_NO,RESTAURANT_NO,MEMBER_NO,MENU_NAME,PRICE,CRE_DATE,MOD_DATE) values (105,2,1,'순대국02',7500,to_date('19/05/20','RR/MM/DD'),to_date('19/05/20','RR/MM/DD'));
Insert into DAVINCI.MENUS (MENU_NO,RESTAURANT_NO,MEMBER_NO,MENU_NAME,PRICE,CRE_DATE,MOD_DATE) values (106,2,1,'국밥02',8000,to_date('19/05/20','RR/MM/DD'),to_date('19/05/20','RR/MM/DD'));
Insert into DAVINCI.MENUS (MENU_NO,RESTAURANT_NO,MEMBER_NO,MENU_NAME,PRICE,CRE_DATE,MOD_DATE) values (103,3,1,'순대국03',7500,to_date('19/05/20','RR/MM/DD'),to_date('19/05/20','RR/MM/DD'));
Insert into DAVINCI.MENUS (MENU_NO,RESTAURANT_NO,MEMBER_NO,MENU_NAME,PRICE,CRE_DATE,MOD_DATE) values (104,3,1,'국밥03',8000,to_date('19/05/20','RR/MM/DD'),to_date('19/05/20','RR/MM/DD'));
Insert into DAVINCI.MENUS (MENU_NO,RESTAURANT_NO,MEMBER_NO,MENU_NAME,PRICE,CRE_DATE,MOD_DATE) values (101,4,1,'순대국04',7500,to_date('19/05/20','RR/MM/DD'),to_date('19/05/20','RR/MM/DD'));
Insert into DAVINCI.MENUS (MENU_NO,RESTAURANT_NO,MEMBER_NO,MENU_NAME,PRICE,CRE_DATE,MOD_DATE) values (102,4,1,'국밥04',8000,to_date('19/05/20','RR/MM/DD'),to_date('19/05/20','RR/MM/DD'));
Insert into DAVINCI.MENUS (MENU_NO,RESTAURANT_NO,MEMBER_NO,MENU_NAME,PRICE,CRE_DATE,MOD_DATE) values (99,5,1,'순대국05',7500,to_date('19/05/20','RR/MM/DD'),to_date('19/05/20','RR/MM/DD'));
Insert into DAVINCI.MENUS (MENU_NO,RESTAURANT_NO,MEMBER_NO,MENU_NAME,PRICE,CRE_DATE,MOD_DATE) values (100,5,1,'국밥05',8000,to_date('19/05/20','RR/MM/DD'),to_date('19/05/20','RR/MM/DD'));
Insert into DAVINCI.MENUS (MENU_NO,RESTAURANT_NO,MEMBER_NO,MENU_NAME,PRICE,CRE_DATE,MOD_DATE) values (97,6,1,'자장면01',5500,to_date('19/05/20','RR/MM/DD'),to_date('19/05/20','RR/MM/DD'));
Insert into DAVINCI.MENUS (MENU_NO,RESTAURANT_NO,MEMBER_NO,MENU_NAME,PRICE,CRE_DATE,MOD_DATE) values (98,6,1,'탕수육01',9500,to_date('19/05/20','RR/MM/DD'),to_date('19/05/20','RR/MM/DD'));
Insert into DAVINCI.MENUS (MENU_NO,RESTAURANT_NO,MEMBER_NO,MENU_NAME,PRICE,CRE_DATE,MOD_DATE) values (95,7,1,'자장면02',5500,to_date('19/05/20','RR/MM/DD'),to_date('19/05/20','RR/MM/DD'));
Insert into DAVINCI.MENUS (MENU_NO,RESTAURANT_NO,MEMBER_NO,MENU_NAME,PRICE,CRE_DATE,MOD_DATE) values (96,7,1,'탕수육02',9500,to_date('19/05/20','RR/MM/DD'),to_date('19/05/20','RR/MM/DD'));
Insert into DAVINCI.MENUS (MENU_NO,RESTAURANT_NO,MEMBER_NO,MENU_NAME,PRICE,CRE_DATE,MOD_DATE) values (93,8,1,'자장면03',5500,to_date('19/05/20','RR/MM/DD'),to_date('19/05/20','RR/MM/DD'));
Insert into DAVINCI.MENUS (MENU_NO,RESTAURANT_NO,MEMBER_NO,MENU_NAME,PRICE,CRE_DATE,MOD_DATE) values (94,8,1,'탕수육03',9500,to_date('19/05/20','RR/MM/DD'),to_date('19/05/20','RR/MM/DD'));
Insert into DAVINCI.MENUS (MENU_NO,RESTAURANT_NO,MEMBER_NO,MENU_NAME,PRICE,CRE_DATE,MOD_DATE) values (91,9,1,'자장면04',5500,to_date('19/05/20','RR/MM/DD'),to_date('19/05/20','RR/MM/DD'));
Insert into DAVINCI.MENUS (MENU_NO,RESTAURANT_NO,MEMBER_NO,MENU_NAME,PRICE,CRE_DATE,MOD_DATE) values (92,9,1,'탕수육04',9500,to_date('19/05/20','RR/MM/DD'),to_date('19/05/20','RR/MM/DD'));
Insert into DAVINCI.MENUS (MENU_NO,RESTAURANT_NO,MEMBER_NO,MENU_NAME,PRICE,CRE_DATE,MOD_DATE) values (89,10,1,'자장면05',5500,to_date('19/05/20','RR/MM/DD'),to_date('19/05/20','RR/MM/DD'));
Insert into DAVINCI.MENUS (MENU_NO,RESTAURANT_NO,MEMBER_NO,MENU_NAME,PRICE,CRE_DATE,MOD_DATE) values (90,10,1,'탕수육05',9500,to_date('19/05/20','RR/MM/DD'),to_date('19/05/20','RR/MM/DD'));
Insert into DAVINCI.MENUS (MENU_NO,RESTAURANT_NO,MEMBER_NO,MENU_NAME,PRICE,CRE_DATE,MOD_DATE) values (87,11,1,'회덮밥01',6000,to_date('19/05/20','RR/MM/DD'),to_date('19/05/20','RR/MM/DD'));
Insert into DAVINCI.MENUS (MENU_NO,RESTAURANT_NO,MEMBER_NO,MENU_NAME,PRICE,CRE_DATE,MOD_DATE) values (88,11,1,'모듬초밥01',12000,to_date('19/05/20','RR/MM/DD'),to_date('19/05/20','RR/MM/DD'));
Insert into DAVINCI.MENUS (MENU_NO,RESTAURANT_NO,MEMBER_NO,MENU_NAME,PRICE,CRE_DATE,MOD_DATE) values (85,12,1,'회덮밥02',6000,to_date('19/05/20','RR/MM/DD'),to_date('19/05/20','RR/MM/DD'));
Insert into DAVINCI.MENUS (MENU_NO,RESTAURANT_NO,MEMBER_NO,MENU_NAME,PRICE,CRE_DATE,MOD_DATE) values (86,12,1,'모듬초밥02',12000,to_date('19/05/20','RR/MM/DD'),to_date('19/05/20','RR/MM/DD'));
Insert into DAVINCI.MENUS (MENU_NO,RESTAURANT_NO,MEMBER_NO,MENU_NAME,PRICE,CRE_DATE,MOD_DATE) values (83,13,1,'회덮밥03',6000,to_date('19/05/20','RR/MM/DD'),to_date('19/05/20','RR/MM/DD'));
Insert into DAVINCI.MENUS (MENU_NO,RESTAURANT_NO,MEMBER_NO,MENU_NAME,PRICE,CRE_DATE,MOD_DATE) values (84,13,1,'모듬초밥03',12000,to_date('19/05/20','RR/MM/DD'),to_date('19/05/20','RR/MM/DD'));
Insert into DAVINCI.MENUS (MENU_NO,RESTAURANT_NO,MEMBER_NO,MENU_NAME,PRICE,CRE_DATE,MOD_DATE) values (81,14,1,'회덮밥04',6000,to_date('19/05/20','RR/MM/DD'),to_date('19/05/20','RR/MM/DD'));
Insert into DAVINCI.MENUS (MENU_NO,RESTAURANT_NO,MEMBER_NO,MENU_NAME,PRICE,CRE_DATE,MOD_DATE) values (82,14,1,'모듬초밥04',12000,to_date('19/05/20','RR/MM/DD'),to_date('19/05/20','RR/MM/DD'));
Insert into DAVINCI.MENUS (MENU_NO,RESTAURANT_NO,MEMBER_NO,MENU_NAME,PRICE,CRE_DATE,MOD_DATE) values (77,16,1,'파스타01',6500,to_date('19/05/20','RR/MM/DD'),to_date('19/05/20','RR/MM/DD'));
Insert into DAVINCI.MENUS (MENU_NO,RESTAURANT_NO,MEMBER_NO,MENU_NAME,PRICE,CRE_DATE,MOD_DATE) values (78,16,1,'피자01',9000,to_date('19/05/20','RR/MM/DD'),to_date('19/05/20','RR/MM/DD'));
Insert into DAVINCI.MENUS (MENU_NO,RESTAURANT_NO,MEMBER_NO,MENU_NAME,PRICE,CRE_DATE,MOD_DATE) values (79,15,1,'회덮밥05',6000,to_date('19/05/20','RR/MM/DD'),to_date('19/05/20','RR/MM/DD'));
Insert into DAVINCI.MENUS (MENU_NO,RESTAURANT_NO,MEMBER_NO,MENU_NAME,PRICE,CRE_DATE,MOD_DATE) values (80,15,1,'모듬초밥05',12000,to_date('19/05/20','RR/MM/DD'),to_date('19/05/20','RR/MM/DD'));
Insert into DAVINCI.MENUS (MENU_NO,RESTAURANT_NO,MEMBER_NO,MENU_NAME,PRICE,CRE_DATE,MOD_DATE) values (73,17,1,'파스타02',6500,to_date('19/05/20','RR/MM/DD'),to_date('19/05/20','RR/MM/DD'));
Insert into DAVINCI.MENUS (MENU_NO,RESTAURANT_NO,MEMBER_NO,MENU_NAME,PRICE,CRE_DATE,MOD_DATE) values (74,17,1,'피자02',9000,to_date('19/05/20','RR/MM/DD'),to_date('19/05/20','RR/MM/DD'));
Insert into DAVINCI.MENUS (MENU_NO,RESTAURANT_NO,MEMBER_NO,MENU_NAME,PRICE,CRE_DATE,MOD_DATE) values (71,18,1,'파스타03',6500,to_date('19/05/20','RR/MM/DD'),to_date('19/05/20','RR/MM/DD'));
Insert into DAVINCI.MENUS (MENU_NO,RESTAURANT_NO,MEMBER_NO,MENU_NAME,PRICE,CRE_DATE,MOD_DATE) values (72,18,1,'피자03',9000,to_date('19/05/20','RR/MM/DD'),to_date('19/05/20','RR/MM/DD'));
Insert into DAVINCI.MENUS (MENU_NO,RESTAURANT_NO,MEMBER_NO,MENU_NAME,PRICE,CRE_DATE,MOD_DATE) values (69,19,1,'파스타04',6500,to_date('19/05/20','RR/MM/DD'),to_date('19/05/20','RR/MM/DD'));
Insert into DAVINCI.MENUS (MENU_NO,RESTAURANT_NO,MEMBER_NO,MENU_NAME,PRICE,CRE_DATE,MOD_DATE) values (70,19,1,'피자04',9000,to_date('19/05/20','RR/MM/DD'),to_date('19/05/20','RR/MM/DD'));
Insert into DAVINCI.MENUS (MENU_NO,RESTAURANT_NO,MEMBER_NO,MENU_NAME,PRICE,CRE_DATE,MOD_DATE) values (67,20,1,'파스타05',6500,to_date('19/05/20','RR/MM/DD'),to_date('19/05/20','RR/MM/DD'));
Insert into DAVINCI.MENUS (MENU_NO,RESTAURANT_NO,MEMBER_NO,MENU_NAME,PRICE,CRE_DATE,MOD_DATE) values (68,20,1,'피자05',9000,to_date('19/05/20','RR/MM/DD'),to_date('19/05/20','RR/MM/DD'));
Insert into DAVINCI.MENUS (MENU_NO,RESTAURANT_NO,MEMBER_NO,MENU_NAME,PRICE,CRE_DATE,MOD_DATE) values (65,21,1,'떡볶이01',2500,to_date('19/05/20','RR/MM/DD'),to_date('19/05/20','RR/MM/DD'));
Insert into DAVINCI.MENUS (MENU_NO,RESTAURANT_NO,MEMBER_NO,MENU_NAME,PRICE,CRE_DATE,MOD_DATE) values (66,21,1,'순대01',3000,to_date('19/05/20','RR/MM/DD'),to_date('19/05/20','RR/MM/DD'));
Insert into DAVINCI.MENUS (MENU_NO,RESTAURANT_NO,MEMBER_NO,MENU_NAME,PRICE,CRE_DATE,MOD_DATE) values (57,25,1,'떡볶이05',2500,to_date('19/05/20','RR/MM/DD'),to_date('19/05/20','RR/MM/DD'));
Insert into DAVINCI.MENUS (MENU_NO,RESTAURANT_NO,MEMBER_NO,MENU_NAME,PRICE,CRE_DATE,MOD_DATE) values (58,25,1,'순대05',3000,to_date('19/05/20','RR/MM/DD'),to_date('19/05/20','RR/MM/DD'));
Insert into DAVINCI.MENUS (MENU_NO,RESTAURANT_NO,MEMBER_NO,MENU_NAME,PRICE,CRE_DATE,MOD_DATE) values (63,22,1,'떡볶이02',2500,to_date('19/05/20','RR/MM/DD'),to_date('19/05/20','RR/MM/DD'));
Insert into DAVINCI.MENUS (MENU_NO,RESTAURANT_NO,MEMBER_NO,MENU_NAME,PRICE,CRE_DATE,MOD_DATE) values (64,22,1,'순대02',3000,to_date('19/05/20','RR/MM/DD'),to_date('19/05/20','RR/MM/DD'));
Insert into DAVINCI.MENUS (MENU_NO,RESTAURANT_NO,MEMBER_NO,MENU_NAME,PRICE,CRE_DATE,MOD_DATE) values (61,23,1,'떡볶이03',2500,to_date('19/05/20','RR/MM/DD'),to_date('19/05/20','RR/MM/DD'));
Insert into DAVINCI.MENUS (MENU_NO,RESTAURANT_NO,MEMBER_NO,MENU_NAME,PRICE,CRE_DATE,MOD_DATE) values (62,23,1,'순대03',3000,to_date('19/05/20','RR/MM/DD'),to_date('19/05/20','RR/MM/DD'));
Insert into DAVINCI.MENUS (MENU_NO,RESTAURANT_NO,MEMBER_NO,MENU_NAME,PRICE,CRE_DATE,MOD_DATE) values (59,24,1,'떡볶이04',2500,to_date('19/05/20','RR/MM/DD'),to_date('19/05/20','RR/MM/DD'));
Insert into DAVINCI.MENUS (MENU_NO,RESTAURANT_NO,MEMBER_NO,MENU_NAME,PRICE,CRE_DATE,MOD_DATE) values (60,24,1,'순대04',3000,to_date('19/05/20','RR/MM/DD'),to_date('19/05/20','RR/MM/DD'));
REM INSERTING into DAVINCI.RECOMMEND
SET DEFINE OFF;
REM INSERTING into DAVINCI.RESTAURANTS
SET DEFINE OFF;
Insert into DAVINCI.RESTAURANTS (RESTAURANT_NO,MEMBER_NO,RESTAURANT_NAME,CATEGORY,PHONE,OPERATING_TIME,CLOSING_TIME,CLOSED_DATES,ADDRESS,CONTENTS,CRE_DATE,MOD_DATE) values (1,1,'대장금01','한식','0317411928','오전 10:30','오후 11:30','일요일','주소 입니다.','맛집 내용01',to_date('19/05/20','RR/MM/DD'),to_date('19/05/20','RR/MM/DD'));
Insert into DAVINCI.RESTAURANTS (RESTAURANT_NO,MEMBER_NO,RESTAURANT_NAME,CATEGORY,PHONE,OPERATING_TIME,CLOSING_TIME,CLOSED_DATES,ADDRESS,CONTENTS,CRE_DATE,MOD_DATE) values (2,1,'대장금02','한식','0317411928','오전 10:30','오후 11:30','일요일','주소 입니다.','맛집 내용02',to_date('19/05/20','RR/MM/DD'),to_date('19/05/20','RR/MM/DD'));
Insert into DAVINCI.RESTAURANTS (RESTAURANT_NO,MEMBER_NO,RESTAURANT_NAME,CATEGORY,PHONE,OPERATING_TIME,CLOSING_TIME,CLOSED_DATES,ADDRESS,CONTENTS,CRE_DATE,MOD_DATE) values (3,1,'대장금03','한식','0317411928','오전 10:30','오후 11:30','일요일','주소 입니다.','맛집 내용03',to_date('19/05/20','RR/MM/DD'),to_date('19/05/20','RR/MM/DD'));
Insert into DAVINCI.RESTAURANTS (RESTAURANT_NO,MEMBER_NO,RESTAURANT_NAME,CATEGORY,PHONE,OPERATING_TIME,CLOSING_TIME,CLOSED_DATES,ADDRESS,CONTENTS,CRE_DATE,MOD_DATE) values (4,1,'대장금04','한식','0317411928','오전 10:30','오후 11:30','일요일','주소 입니다.','맛집 내용04',to_date('19/05/20','RR/MM/DD'),to_date('19/05/20','RR/MM/DD'));
Insert into DAVINCI.RESTAURANTS (RESTAURANT_NO,MEMBER_NO,RESTAURANT_NAME,CATEGORY,PHONE,OPERATING_TIME,CLOSING_TIME,CLOSED_DATES,ADDRESS,CONTENTS,CRE_DATE,MOD_DATE) values (5,1,'대장금05','한식','0317411928','오전 10:30','오후 11:30','일요일','주소 입니다.','맛집 내용05',to_date('19/05/20','RR/MM/DD'),to_date('19/05/20','RR/MM/DD'));
Insert into DAVINCI.RESTAURANTS (RESTAURANT_NO,MEMBER_NO,RESTAURANT_NAME,CATEGORY,PHONE,OPERATING_TIME,CLOSING_TIME,CLOSED_DATES,ADDRESS,CONTENTS,CRE_DATE,MOD_DATE) values (6,1,'상하이01','중식','0317411928','오전 09:30','오후 10:30','연중무휴','주소 입니다.','맛집 내용01',to_date('19/05/20','RR/MM/DD'),to_date('19/05/20','RR/MM/DD'));
Insert into DAVINCI.RESTAURANTS (RESTAURANT_NO,MEMBER_NO,RESTAURANT_NAME,CATEGORY,PHONE,OPERATING_TIME,CLOSING_TIME,CLOSED_DATES,ADDRESS,CONTENTS,CRE_DATE,MOD_DATE) values (7,1,'상하이02','중식','0317411928','오전 09:30','오후 10:30','연중무휴','주소 입니다.','맛집 내용02',to_date('19/05/20','RR/MM/DD'),to_date('19/05/20','RR/MM/DD'));
Insert into DAVINCI.RESTAURANTS (RESTAURANT_NO,MEMBER_NO,RESTAURANT_NAME,CATEGORY,PHONE,OPERATING_TIME,CLOSING_TIME,CLOSED_DATES,ADDRESS,CONTENTS,CRE_DATE,MOD_DATE) values (8,1,'상하이03','중식','0317411928','오전 09:30','오후 10:30','연중무휴','주소 입니다.','맛집 내용03',to_date('19/05/20','RR/MM/DD'),to_date('19/05/20','RR/MM/DD'));
Insert into DAVINCI.RESTAURANTS (RESTAURANT_NO,MEMBER_NO,RESTAURANT_NAME,CATEGORY,PHONE,OPERATING_TIME,CLOSING_TIME,CLOSED_DATES,ADDRESS,CONTENTS,CRE_DATE,MOD_DATE) values (9,1,'상하이04','중식','0317411928','오전 09:30','오후 10:30','연중무휴','주소 입니다.','맛집 내용04',to_date('19/05/20','RR/MM/DD'),to_date('19/05/20','RR/MM/DD'));
Insert into DAVINCI.RESTAURANTS (RESTAURANT_NO,MEMBER_NO,RESTAURANT_NAME,CATEGORY,PHONE,OPERATING_TIME,CLOSING_TIME,CLOSED_DATES,ADDRESS,CONTENTS,CRE_DATE,MOD_DATE) values (10,1,'상하이05','중식','0317411928','오전 09:30','오후 10:30','연중무휴','주소 입니다.','맛집 내용05',to_date('19/05/20','RR/MM/DD'),to_date('19/05/20','RR/MM/DD'));
Insert into DAVINCI.RESTAURANTS (RESTAURANT_NO,MEMBER_NO,RESTAURANT_NAME,CATEGORY,PHONE,OPERATING_TIME,CLOSING_TIME,CLOSED_DATES,ADDRESS,CONTENTS,CRE_DATE,MOD_DATE) values (11,1,'이자카야01','일식','0317411928','오전 09:30','오후 10:30','토요일','주소 입니다.','맛집 내용01',to_date('19/05/20','RR/MM/DD'),to_date('19/05/20','RR/MM/DD'));
Insert into DAVINCI.RESTAURANTS (RESTAURANT_NO,MEMBER_NO,RESTAURANT_NAME,CATEGORY,PHONE,OPERATING_TIME,CLOSING_TIME,CLOSED_DATES,ADDRESS,CONTENTS,CRE_DATE,MOD_DATE) values (12,1,'이자카야02','일식','0317411928','오전 09:30','오후 10:30','토요일','주소 입니다.','맛집 내용02',to_date('19/05/20','RR/MM/DD'),to_date('19/05/20','RR/MM/DD'));
Insert into DAVINCI.RESTAURANTS (RESTAURANT_NO,MEMBER_NO,RESTAURANT_NAME,CATEGORY,PHONE,OPERATING_TIME,CLOSING_TIME,CLOSED_DATES,ADDRESS,CONTENTS,CRE_DATE,MOD_DATE) values (13,1,'이자카야03','일식','0317411928','오전 09:30','오후 10:30','토요일','주소 입니다.','맛집 내용03',to_date('19/05/20','RR/MM/DD'),to_date('19/05/20','RR/MM/DD'));
Insert into DAVINCI.RESTAURANTS (RESTAURANT_NO,MEMBER_NO,RESTAURANT_NAME,CATEGORY,PHONE,OPERATING_TIME,CLOSING_TIME,CLOSED_DATES,ADDRESS,CONTENTS,CRE_DATE,MOD_DATE) values (14,1,'이자카야04','일식','0317411928','오전 09:30','오후 10:30','토요일','주소 입니다.','맛집 내용04',to_date('19/05/20','RR/MM/DD'),to_date('19/05/20','RR/MM/DD'));
Insert into DAVINCI.RESTAURANTS (RESTAURANT_NO,MEMBER_NO,RESTAURANT_NAME,CATEGORY,PHONE,OPERATING_TIME,CLOSING_TIME,CLOSED_DATES,ADDRESS,CONTENTS,CRE_DATE,MOD_DATE) values (15,1,'이자카야05','일식','0317411928','오전 09:30','오후 10:30','토요일','주소 입니다.','맛집 내용05',to_date('19/05/20','RR/MM/DD'),to_date('19/05/20','RR/MM/DD'));
Insert into DAVINCI.RESTAURANTS (RESTAURANT_NO,MEMBER_NO,RESTAURANT_NAME,CATEGORY,PHONE,OPERATING_TIME,CLOSING_TIME,CLOSED_DATES,ADDRESS,CONTENTS,CRE_DATE,MOD_DATE) values (16,1,'인엔아웃01','양식','0317411928','오전 07:30','오후 09:30','월요일','주소 입니다.','맛집 내용01',to_date('19/05/20','RR/MM/DD'),to_date('19/05/20','RR/MM/DD'));
Insert into DAVINCI.RESTAURANTS (RESTAURANT_NO,MEMBER_NO,RESTAURANT_NAME,CATEGORY,PHONE,OPERATING_TIME,CLOSING_TIME,CLOSED_DATES,ADDRESS,CONTENTS,CRE_DATE,MOD_DATE) values (17,1,'인엔아웃02','양식','0317411928','오전 07:30','오후 09:30','월요일','주소 입니다.','맛집 내용02',to_date('19/05/20','RR/MM/DD'),to_date('19/05/20','RR/MM/DD'));
Insert into DAVINCI.RESTAURANTS (RESTAURANT_NO,MEMBER_NO,RESTAURANT_NAME,CATEGORY,PHONE,OPERATING_TIME,CLOSING_TIME,CLOSED_DATES,ADDRESS,CONTENTS,CRE_DATE,MOD_DATE) values (18,1,'인엔아웃03','양식','0317411928','오전 07:30','오후 09:30','월요일','주소 입니다.','맛집 내용03',to_date('19/05/20','RR/MM/DD'),to_date('19/05/20','RR/MM/DD'));
Insert into DAVINCI.RESTAURANTS (RESTAURANT_NO,MEMBER_NO,RESTAURANT_NAME,CATEGORY,PHONE,OPERATING_TIME,CLOSING_TIME,CLOSED_DATES,ADDRESS,CONTENTS,CRE_DATE,MOD_DATE) values (19,1,'인엔아웃04','양식','0317411928','오전 07:30','오후 09:30','월요일','주소 입니다.','맛집 내용04',to_date('19/05/20','RR/MM/DD'),to_date('19/05/20','RR/MM/DD'));
Insert into DAVINCI.RESTAURANTS (RESTAURANT_NO,MEMBER_NO,RESTAURANT_NAME,CATEGORY,PHONE,OPERATING_TIME,CLOSING_TIME,CLOSED_DATES,ADDRESS,CONTENTS,CRE_DATE,MOD_DATE) values (20,1,'인엔아웃05','양식','0317411928','오전 07:30','오후 09:30','월요일','주소 입니다.','맛집 내용05',to_date('19/05/20','RR/MM/DD'),to_date('19/05/20','RR/MM/DD'));
Insert into DAVINCI.RESTAURANTS (RESTAURANT_NO,MEMBER_NO,RESTAURANT_NAME,CATEGORY,PHONE,OPERATING_TIME,CLOSING_TIME,CLOSED_DATES,ADDRESS,CONTENTS,CRE_DATE,MOD_DATE) values (21,1,'동네분식01','분식','0317411928','오전 07:00','오후 08:30','금요일','주소 입니다.','맛집 내용01',to_date('19/05/20','RR/MM/DD'),to_date('19/05/20','RR/MM/DD'));
Insert into DAVINCI.RESTAURANTS (RESTAURANT_NO,MEMBER_NO,RESTAURANT_NAME,CATEGORY,PHONE,OPERATING_TIME,CLOSING_TIME,CLOSED_DATES,ADDRESS,CONTENTS,CRE_DATE,MOD_DATE) values (22,1,'동네분식02','분식','0317411928','오전 07:00','오후 08:30','금요일','주소 입니다.','맛집 내용02',to_date('19/05/20','RR/MM/DD'),to_date('19/05/20','RR/MM/DD'));
Insert into DAVINCI.RESTAURANTS (RESTAURANT_NO,MEMBER_NO,RESTAURANT_NAME,CATEGORY,PHONE,OPERATING_TIME,CLOSING_TIME,CLOSED_DATES,ADDRESS,CONTENTS,CRE_DATE,MOD_DATE) values (23,1,'동네분식03','분식','0317411928','오전 07:00','오후 08:30','금요일','주소 입니다.','맛집 내용03',to_date('19/05/20','RR/MM/DD'),to_date('19/05/20','RR/MM/DD'));
Insert into DAVINCI.RESTAURANTS (RESTAURANT_NO,MEMBER_NO,RESTAURANT_NAME,CATEGORY,PHONE,OPERATING_TIME,CLOSING_TIME,CLOSED_DATES,ADDRESS,CONTENTS,CRE_DATE,MOD_DATE) values (24,1,'동네분식04','분식','0317411928','오전 07:00','오후 08:30','금요일','주소 입니다.','맛집 내용04',to_date('19/05/20','RR/MM/DD'),to_date('19/05/20','RR/MM/DD'));
Insert into DAVINCI.RESTAURANTS (RESTAURANT_NO,MEMBER_NO,RESTAURANT_NAME,CATEGORY,PHONE,OPERATING_TIME,CLOSING_TIME,CLOSED_DATES,ADDRESS,CONTENTS,CRE_DATE,MOD_DATE) values (25,1,'동네분식05','분식','0317411928','오전 07:00','오후 08:30','금요일','주소 입니다.','맛집 내용05',to_date('19/05/20','RR/MM/DD'),to_date('19/05/20','RR/MM/DD'));
REM INSERTING into DAVINCI.REVIEW
SET DEFINE OFF;
REM INSERTING into DAVINCI.TB_FILE
SET DEFINE OFF;
Insert into DAVINCI.TB_FILE (IDX,PARENT_SEQ,ORIGINAL_FILE_NAME,STORED_FILE_NAME,FILE_SIZE,CRE_DATE) values (5,24,'분식04.jpg','721e772296864ef5b53d72e7e4490bd7.jpg',124409,to_date('19/05/20','RR/MM/DD'));
Insert into DAVINCI.TB_FILE (IDX,PARENT_SEQ,ORIGINAL_FILE_NAME,STORED_FILE_NAME,FILE_SIZE,CRE_DATE) values (8,21,'분식01.jpg','313028c4c28840318d8de787957e108c.jpg',84342,to_date('19/05/20','RR/MM/DD'));
Insert into DAVINCI.TB_FILE (IDX,PARENT_SEQ,ORIGINAL_FILE_NAME,STORED_FILE_NAME,FILE_SIZE,CRE_DATE) values (9,20,'양식05.jpg','363e88aaa1b1473e9b16cac70b2620d5.jpg',57798,to_date('19/05/20','RR/MM/DD'));
Insert into DAVINCI.TB_FILE (IDX,PARENT_SEQ,ORIGINAL_FILE_NAME,STORED_FILE_NAME,FILE_SIZE,CRE_DATE) values (4,25,'분식05.jpg','3bdf8b8d726847a7a4029118e8102c84.jpg',97284,to_date('19/05/20','RR/MM/DD'));
Insert into DAVINCI.TB_FILE (IDX,PARENT_SEQ,ORIGINAL_FILE_NAME,STORED_FILE_NAME,FILE_SIZE,CRE_DATE) values (6,23,'분식03.jpg','10b359c5339b44f792e9b4964d1f6282.jpg',59338,to_date('19/05/20','RR/MM/DD'));
Insert into DAVINCI.TB_FILE (IDX,PARENT_SEQ,ORIGINAL_FILE_NAME,STORED_FILE_NAME,FILE_SIZE,CRE_DATE) values (7,22,'분식02.jpg','1f4c1dabb8e64f42b96c20b3ed89bf6c.jpg',99449,to_date('19/05/20','RR/MM/DD'));
Insert into DAVINCI.TB_FILE (IDX,PARENT_SEQ,ORIGINAL_FILE_NAME,STORED_FILE_NAME,FILE_SIZE,CRE_DATE) values (10,19,'양식04.jpg','27b02811c1cc4011a384c3d4e674b5f2.jpg',61392,to_date('19/05/20','RR/MM/DD'));
Insert into DAVINCI.TB_FILE (IDX,PARENT_SEQ,ORIGINAL_FILE_NAME,STORED_FILE_NAME,FILE_SIZE,CRE_DATE) values (11,18,'양식03.jpg','3b963b43d2e5475d817abb1cfd556b9f.jpg',95990,to_date('19/05/20','RR/MM/DD'));
Insert into DAVINCI.TB_FILE (IDX,PARENT_SEQ,ORIGINAL_FILE_NAME,STORED_FILE_NAME,FILE_SIZE,CRE_DATE) values (12,17,'양식02.jpg','7eac0860b34b42b7ab2cbac4213e9712.jpg',63061,to_date('19/05/20','RR/MM/DD'));
Insert into DAVINCI.TB_FILE (IDX,PARENT_SEQ,ORIGINAL_FILE_NAME,STORED_FILE_NAME,FILE_SIZE,CRE_DATE) values (17,13,'일식03.jpg','f2346f7989164dca8a1f2ba823554b2a.jpg',67094,to_date('19/05/20','RR/MM/DD'));
Insert into DAVINCI.TB_FILE (IDX,PARENT_SEQ,ORIGINAL_FILE_NAME,STORED_FILE_NAME,FILE_SIZE,CRE_DATE) values (14,16,'양식01.jpg','cfed16cf618e449a9f63304ebeae2f9e.jpg',69265,to_date('19/05/20','RR/MM/DD'));
Insert into DAVINCI.TB_FILE (IDX,PARENT_SEQ,ORIGINAL_FILE_NAME,STORED_FILE_NAME,FILE_SIZE,CRE_DATE) values (15,15,'일식05.jpg','40b398509bf841e2aa8db178c6117754.jpg',123359,to_date('19/05/20','RR/MM/DD'));
Insert into DAVINCI.TB_FILE (IDX,PARENT_SEQ,ORIGINAL_FILE_NAME,STORED_FILE_NAME,FILE_SIZE,CRE_DATE) values (16,14,'일식04.jpg','879d61dd873e4e7fb4d258f600690748.jpg',86497,to_date('19/05/20','RR/MM/DD'));
Insert into DAVINCI.TB_FILE (IDX,PARENT_SEQ,ORIGINAL_FILE_NAME,STORED_FILE_NAME,FILE_SIZE,CRE_DATE) values (18,12,'일식02.jpg','c84f5a3dc1284ef780cbeec192e36f16.jpg',76496,to_date('19/05/20','RR/MM/DD'));
Insert into DAVINCI.TB_FILE (IDX,PARENT_SEQ,ORIGINAL_FILE_NAME,STORED_FILE_NAME,FILE_SIZE,CRE_DATE) values (19,11,'일식01.jpg','55b91edcdcbc435a99f808da80219027.jpg',77151,to_date('19/05/20','RR/MM/DD'));
Insert into DAVINCI.TB_FILE (IDX,PARENT_SEQ,ORIGINAL_FILE_NAME,STORED_FILE_NAME,FILE_SIZE,CRE_DATE) values (20,10,'중식05.jpg','64d510d48cc2438cb368f85abaf6c87a.jpg',70443,to_date('19/05/20','RR/MM/DD'));
Insert into DAVINCI.TB_FILE (IDX,PARENT_SEQ,ORIGINAL_FILE_NAME,STORED_FILE_NAME,FILE_SIZE,CRE_DATE) values (21,9,'중식04.jpg','9076d37853da477b8d7936aa14f3d4ce.jpg',55493,to_date('19/05/20','RR/MM/DD'));
Insert into DAVINCI.TB_FILE (IDX,PARENT_SEQ,ORIGINAL_FILE_NAME,STORED_FILE_NAME,FILE_SIZE,CRE_DATE) values (22,8,'중식03.jpg','679a858547b24df0965142e50cbf38bb.jpg',77217,to_date('19/05/20','RR/MM/DD'));
Insert into DAVINCI.TB_FILE (IDX,PARENT_SEQ,ORIGINAL_FILE_NAME,STORED_FILE_NAME,FILE_SIZE,CRE_DATE) values (23,7,'중식02.jpg','911f53c366894b3cb59d9cfa98cdbcf1.jpg',82782,to_date('19/05/20','RR/MM/DD'));
Insert into DAVINCI.TB_FILE (IDX,PARENT_SEQ,ORIGINAL_FILE_NAME,STORED_FILE_NAME,FILE_SIZE,CRE_DATE) values (24,6,'중식01.jpg','09e1fabeef9444ec94166bcba7a729c7.jpg',84730,to_date('19/05/20','RR/MM/DD'));
Insert into DAVINCI.TB_FILE (IDX,PARENT_SEQ,ORIGINAL_FILE_NAME,STORED_FILE_NAME,FILE_SIZE,CRE_DATE) values (25,5,'한식05.jpg','179c4b4b39c74633b42dada99276f808.jpg',115585,to_date('19/05/20','RR/MM/DD'));
Insert into DAVINCI.TB_FILE (IDX,PARENT_SEQ,ORIGINAL_FILE_NAME,STORED_FILE_NAME,FILE_SIZE,CRE_DATE) values (26,4,'한식04.jpg','2175ac1923b3457ebb02275ae5d5e8f5.jpg',62954,to_date('19/05/20','RR/MM/DD'));
Insert into DAVINCI.TB_FILE (IDX,PARENT_SEQ,ORIGINAL_FILE_NAME,STORED_FILE_NAME,FILE_SIZE,CRE_DATE) values (27,3,'한식03.jpg','e642287a53f94006bb7889a1ba9ce7d0.jpg',72083,to_date('19/05/20','RR/MM/DD'));
Insert into DAVINCI.TB_FILE (IDX,PARENT_SEQ,ORIGINAL_FILE_NAME,STORED_FILE_NAME,FILE_SIZE,CRE_DATE) values (28,2,'한식02.jpg','7fc29a6b6b1949abbde189e63f4a884d.jpg',71585,to_date('19/05/20','RR/MM/DD'));
Insert into DAVINCI.TB_FILE (IDX,PARENT_SEQ,ORIGINAL_FILE_NAME,STORED_FILE_NAME,FILE_SIZE,CRE_DATE) values (29,1,'한식01.jpg','3f10276113bc4e4e950b7d6e31a69a6a.jpg',111408,to_date('19/05/20','RR/MM/DD'));
--------------------------------------------------------
--  DDL for Index MEMBERS_NO_PK
--------------------------------------------------------

  CREATE UNIQUE INDEX "DAVINCI"."MEMBERS_NO_PK" ON "DAVINCI"."MEMBERS" ("MEMBER_NO") 
  PCTFREE 10 INITRANS 2 MAXTRANS 255 
  STORAGE(INITIAL 65536 NEXT 1048576 MINEXTENTS 1 MAXEXTENTS 2147483645
  PCTINCREASE 0 FREELISTS 1 FREELIST GROUPS 1 BUFFER_POOL DEFAULT FLASH_CACHE DEFAULT CELL_FLASH_CACHE DEFAULT)
  TABLESPACE "SYSTEM" ;
--------------------------------------------------------
--  DDL for Index RESTAURANT_NO_PK
--------------------------------------------------------

  CREATE UNIQUE INDEX "DAVINCI"."RESTAURANT_NO_PK" ON "DAVINCI"."RESTAURANTS" ("RESTAURANT_NO") 
  PCTFREE 10 INITRANS 2 MAXTRANS 255 
  STORAGE(INITIAL 65536 NEXT 1048576 MINEXTENTS 1 MAXEXTENTS 2147483645
  PCTINCREASE 0 FREELISTS 1 FREELIST GROUPS 1 BUFFER_POOL DEFAULT FLASH_CACHE DEFAULT CELL_FLASH_CACHE DEFAULT)
  TABLESPACE "SYSTEM" ;
--------------------------------------------------------
--  DDL for Index SYS_C0012239
--------------------------------------------------------

  CREATE UNIQUE INDEX "DAVINCI"."SYS_C0012239" ON "DAVINCI"."TB_FILE" ("IDX") 
  PCTFREE 10 INITRANS 2 MAXTRANS 255 
  STORAGE(INITIAL 65536 NEXT 1048576 MINEXTENTS 1 MAXEXTENTS 2147483645
  PCTINCREASE 0 FREELISTS 1 FREELIST GROUPS 1 BUFFER_POOL DEFAULT FLASH_CACHE DEFAULT CELL_FLASH_CACHE DEFAULT)
  TABLESPACE "SYSTEM" ;
--------------------------------------------------------
--  DDL for Index SYS_C0012246
--------------------------------------------------------

  CREATE UNIQUE INDEX "DAVINCI"."SYS_C0012246" ON "DAVINCI"."MENUS" ("MENU_NO") 
  PCTFREE 10 INITRANS 2 MAXTRANS 255 
  STORAGE(INITIAL 65536 NEXT 1048576 MINEXTENTS 1 MAXEXTENTS 2147483645
  PCTINCREASE 0 FREELISTS 1 FREELIST GROUPS 1 BUFFER_POOL DEFAULT FLASH_CACHE DEFAULT CELL_FLASH_CACHE DEFAULT)
  TABLESPACE "SYSTEM" ;
--------------------------------------------------------
--  DDL for Index SYS_C0012252
--------------------------------------------------------

  CREATE UNIQUE INDEX "DAVINCI"."SYS_C0012252" ON "DAVINCI"."REVIEW" ("REVIEW_NO") 
  PCTFREE 10 INITRANS 2 MAXTRANS 255 
  STORAGE(INITIAL 65536 NEXT 1048576 MINEXTENTS 1 MAXEXTENTS 2147483645
  PCTINCREASE 0 FREELISTS 1 FREELIST GROUPS 1 BUFFER_POOL DEFAULT FLASH_CACHE DEFAULT CELL_FLASH_CACHE DEFAULT)
  TABLESPACE "SYSTEM" ;
--------------------------------------------------------
--  DDL for Index SYS_C0012260
--------------------------------------------------------

  CREATE UNIQUE INDEX "DAVINCI"."SYS_C0012260" ON "DAVINCI"."BOARD" ("BOARD_NO") 
  PCTFREE 10 INITRANS 2 MAXTRANS 255 
  STORAGE(INITIAL 65536 NEXT 1048576 MINEXTENTS 1 MAXEXTENTS 2147483645
  PCTINCREASE 0 FREELISTS 1 FREELIST GROUPS 1 BUFFER_POOL DEFAULT FLASH_CACHE DEFAULT CELL_FLASH_CACHE DEFAULT)
  TABLESPACE "SYSTEM" ;
--------------------------------------------------------
--  DDL for Index SYS_C0012264
--------------------------------------------------------

  CREATE UNIQUE INDEX "DAVINCI"."SYS_C0012264" ON "DAVINCI"."HITS" ("HITS_NO") 
  PCTFREE 10 INITRANS 2 MAXTRANS 255 
  STORAGE(INITIAL 65536 NEXT 1048576 MINEXTENTS 1 MAXEXTENTS 2147483645
  PCTINCREASE 0 FREELISTS 1 FREELIST GROUPS 1 BUFFER_POOL DEFAULT FLASH_CACHE DEFAULT CELL_FLASH_CACHE DEFAULT)
  TABLESPACE "SYSTEM" ;
--------------------------------------------------------
--  DDL for Index SYS_C0012271
--------------------------------------------------------

  CREATE UNIQUE INDEX "DAVINCI"."SYS_C0012271" ON "DAVINCI"."COMMENTS" ("COMMENT_NO") 
  PCTFREE 10 INITRANS 2 MAXTRANS 255 
  STORAGE(INITIAL 65536 NEXT 1048576 MINEXTENTS 1 MAXEXTENTS 2147483645
  PCTINCREASE 0 FREELISTS 1 FREELIST GROUPS 1 BUFFER_POOL DEFAULT FLASH_CACHE DEFAULT CELL_FLASH_CACHE DEFAULT)
  TABLESPACE "SYSTEM" ;
--------------------------------------------------------
--  DDL for Index SYS_C0012273
--------------------------------------------------------

  CREATE UNIQUE INDEX "DAVINCI"."SYS_C0012273" ON "DAVINCI"."RECOMMEND" ("RECOMMEND_NO") 
  PCTFREE 10 INITRANS 2 MAXTRANS 255 
  STORAGE(INITIAL 65536 NEXT 1048576 MINEXTENTS 1 MAXEXTENTS 2147483645
  PCTINCREASE 0 FREELISTS 1 FREELIST GROUPS 1 BUFFER_POOL DEFAULT FLASH_CACHE DEFAULT CELL_FLASH_CACHE DEFAULT)
  TABLESPACE "SYSTEM" ;
--------------------------------------------------------
--  DDL for Index SYS_C0012278
--------------------------------------------------------

  CREATE UNIQUE INDEX "DAVINCI"."SYS_C0012278" ON "DAVINCI"."BOARD_FILE" ("IDX") 
  PCTFREE 10 INITRANS 2 MAXTRANS 255 
  STORAGE(INITIAL 65536 NEXT 1048576 MINEXTENTS 1 MAXEXTENTS 2147483645
  PCTINCREASE 0 FREELISTS 1 FREELIST GROUPS 1 BUFFER_POOL DEFAULT FLASH_CACHE DEFAULT CELL_FLASH_CACHE DEFAULT)
  TABLESPACE "SYSTEM" ;
--------------------------------------------------------
--  Constraints for Table BOARD
--------------------------------------------------------

  ALTER TABLE "DAVINCI"."BOARD" ADD PRIMARY KEY ("BOARD_NO")
  USING INDEX PCTFREE 10 INITRANS 2 MAXTRANS 255 
  STORAGE(INITIAL 65536 NEXT 1048576 MINEXTENTS 1 MAXEXTENTS 2147483645
  PCTINCREASE 0 FREELISTS 1 FREELIST GROUPS 1 BUFFER_POOL DEFAULT FLASH_CACHE DEFAULT CELL_FLASH_CACHE DEFAULT)
  TABLESPACE "SYSTEM"  ENABLE;
  ALTER TABLE "DAVINCI"."BOARD" MODIFY ("HITS" NOT NULL ENABLE);
  ALTER TABLE "DAVINCI"."BOARD" MODIFY ("RECOMMEND_COUNT" NOT NULL ENABLE);
  ALTER TABLE "DAVINCI"."BOARD" MODIFY ("MOD_DATE" NOT NULL ENABLE);
  ALTER TABLE "DAVINCI"."BOARD" MODIFY ("CRE_DATE" NOT NULL ENABLE);
  ALTER TABLE "DAVINCI"."BOARD" MODIFY ("CONTENTS" NOT NULL ENABLE);
  ALTER TABLE "DAVINCI"."BOARD" MODIFY ("TITLE" NOT NULL ENABLE);
  ALTER TABLE "DAVINCI"."BOARD" MODIFY ("MEMBER_NO" NOT NULL ENABLE);
--------------------------------------------------------
--  Constraints for Table BOARD_FILE
--------------------------------------------------------

  ALTER TABLE "DAVINCI"."BOARD_FILE" ADD PRIMARY KEY ("IDX")
  USING INDEX PCTFREE 10 INITRANS 2 MAXTRANS 255 
  STORAGE(INITIAL 65536 NEXT 1048576 MINEXTENTS 1 MAXEXTENTS 2147483645
  PCTINCREASE 0 FREELISTS 1 FREELIST GROUPS 1 BUFFER_POOL DEFAULT FLASH_CACHE DEFAULT CELL_FLASH_CACHE DEFAULT)
  TABLESPACE "SYSTEM"  ENABLE;
  ALTER TABLE "DAVINCI"."BOARD_FILE" MODIFY ("CRE_DATE" NOT NULL ENABLE);
  ALTER TABLE "DAVINCI"."BOARD_FILE" MODIFY ("STORED_FILE_NAME" NOT NULL ENABLE);
  ALTER TABLE "DAVINCI"."BOARD_FILE" MODIFY ("ORIGINAL_FILE_NAME" NOT NULL ENABLE);
  ALTER TABLE "DAVINCI"."BOARD_FILE" MODIFY ("PARENT_SEQ" NOT NULL ENABLE);
--------------------------------------------------------
--  Constraints for Table COMMENTS
--------------------------------------------------------

  ALTER TABLE "DAVINCI"."COMMENTS" ADD PRIMARY KEY ("COMMENT_NO")
  USING INDEX PCTFREE 10 INITRANS 2 MAXTRANS 255 
  STORAGE(INITIAL 65536 NEXT 1048576 MINEXTENTS 1 MAXEXTENTS 2147483645
  PCTINCREASE 0 FREELISTS 1 FREELIST GROUPS 1 BUFFER_POOL DEFAULT FLASH_CACHE DEFAULT CELL_FLASH_CACHE DEFAULT)
  TABLESPACE "SYSTEM"  ENABLE;
  ALTER TABLE "DAVINCI"."COMMENTS" MODIFY ("RECOMMEND_COUNT" NOT NULL ENABLE);
  ALTER TABLE "DAVINCI"."COMMENTS" MODIFY ("MOD_DATE" NOT NULL ENABLE);
  ALTER TABLE "DAVINCI"."COMMENTS" MODIFY ("CRE_DATE" NOT NULL ENABLE);
  ALTER TABLE "DAVINCI"."COMMENTS" MODIFY ("CONTENTS" NOT NULL ENABLE);
  ALTER TABLE "DAVINCI"."COMMENTS" MODIFY ("MEMBER_NO" NOT NULL ENABLE);
  ALTER TABLE "DAVINCI"."COMMENTS" MODIFY ("BOARD_NO" NOT NULL ENABLE);
--------------------------------------------------------
--  Constraints for Table HITS
--------------------------------------------------------

  ALTER TABLE "DAVINCI"."HITS" ADD PRIMARY KEY ("HITS_NO")
  USING INDEX PCTFREE 10 INITRANS 2 MAXTRANS 255 
  STORAGE(INITIAL 65536 NEXT 1048576 MINEXTENTS 1 MAXEXTENTS 2147483645
  PCTINCREASE 0 FREELISTS 1 FREELIST GROUPS 1 BUFFER_POOL DEFAULT FLASH_CACHE DEFAULT CELL_FLASH_CACHE DEFAULT)
  TABLESPACE "SYSTEM"  ENABLE;
  ALTER TABLE "DAVINCI"."HITS" MODIFY ("CRE_DATE" NOT NULL ENABLE);
  ALTER TABLE "DAVINCI"."HITS" MODIFY ("MEMBER_NO" NOT NULL ENABLE);
  ALTER TABLE "DAVINCI"."HITS" MODIFY ("BOARD_NO" NOT NULL ENABLE);
--------------------------------------------------------
--  Constraints for Table MEMBERS
--------------------------------------------------------

  ALTER TABLE "DAVINCI"."MEMBERS" ADD CONSTRAINT "MEMBERS_NO_PK" PRIMARY KEY ("MEMBER_NO")
  USING INDEX PCTFREE 10 INITRANS 2 MAXTRANS 255 
  STORAGE(INITIAL 65536 NEXT 1048576 MINEXTENTS 1 MAXEXTENTS 2147483645
  PCTINCREASE 0 FREELISTS 1 FREELIST GROUPS 1 BUFFER_POOL DEFAULT FLASH_CACHE DEFAULT CELL_FLASH_CACHE DEFAULT)
  TABLESPACE "SYSTEM"  ENABLE;
  ALTER TABLE "DAVINCI"."MEMBERS" MODIFY ("MOD_DATE" NOT NULL ENABLE);
  ALTER TABLE "DAVINCI"."MEMBERS" MODIFY ("CRE_DATE" NOT NULL ENABLE);
  ALTER TABLE "DAVINCI"."MEMBERS" MODIFY ("PASSWORD" NOT NULL ENABLE);
  ALTER TABLE "DAVINCI"."MEMBERS" MODIFY ("NICKNAME" NOT NULL ENABLE);
  ALTER TABLE "DAVINCI"."MEMBERS" MODIFY ("EMAIL" NOT NULL ENABLE);
  ALTER TABLE "DAVINCI"."MEMBERS" MODIFY ("MEMBER_GRADE" NOT NULL ENABLE);
--------------------------------------------------------
--  Constraints for Table MENUS
--------------------------------------------------------

  ALTER TABLE "DAVINCI"."MENUS" ADD PRIMARY KEY ("MENU_NO")
  USING INDEX PCTFREE 10 INITRANS 2 MAXTRANS 255 
  STORAGE(INITIAL 65536 NEXT 1048576 MINEXTENTS 1 MAXEXTENTS 2147483645
  PCTINCREASE 0 FREELISTS 1 FREELIST GROUPS 1 BUFFER_POOL DEFAULT FLASH_CACHE DEFAULT CELL_FLASH_CACHE DEFAULT)
  TABLESPACE "SYSTEM"  ENABLE;
  ALTER TABLE "DAVINCI"."MENUS" MODIFY ("MOD_DATE" NOT NULL ENABLE);
  ALTER TABLE "DAVINCI"."MENUS" MODIFY ("CRE_DATE" NOT NULL ENABLE);
  ALTER TABLE "DAVINCI"."MENUS" MODIFY ("PRICE" NOT NULL ENABLE);
  ALTER TABLE "DAVINCI"."MENUS" MODIFY ("MENU_NAME" NOT NULL ENABLE);
  ALTER TABLE "DAVINCI"."MENUS" MODIFY ("MEMBER_NO" NOT NULL ENABLE);
  ALTER TABLE "DAVINCI"."MENUS" MODIFY ("RESTAURANT_NO" NOT NULL ENABLE);
--------------------------------------------------------
--  Constraints for Table RECOMMEND
--------------------------------------------------------

  ALTER TABLE "DAVINCI"."RECOMMEND" ADD PRIMARY KEY ("RECOMMEND_NO")
  USING INDEX PCTFREE 10 INITRANS 2 MAXTRANS 255 
  STORAGE(INITIAL 65536 NEXT 1048576 MINEXTENTS 1 MAXEXTENTS 2147483645
  PCTINCREASE 0 FREELISTS 1 FREELIST GROUPS 1 BUFFER_POOL DEFAULT FLASH_CACHE DEFAULT CELL_FLASH_CACHE DEFAULT)
  TABLESPACE "SYSTEM"  ENABLE;
  ALTER TABLE "DAVINCI"."RECOMMEND" MODIFY ("MEMBER_NO" NOT NULL ENABLE);
--------------------------------------------------------
--  Constraints for Table RESTAURANTS
--------------------------------------------------------

  ALTER TABLE "DAVINCI"."RESTAURANTS" ADD CONSTRAINT "RESTAURANTS_CATEGORY_CK" CHECK (category in('한식','중식','일식','양식','분식')) ENABLE;
  ALTER TABLE "DAVINCI"."RESTAURANTS" ADD CONSTRAINT "RESTAURANT_NO_PK" PRIMARY KEY ("RESTAURANT_NO")
  USING INDEX PCTFREE 10 INITRANS 2 MAXTRANS 255 
  STORAGE(INITIAL 65536 NEXT 1048576 MINEXTENTS 1 MAXEXTENTS 2147483645
  PCTINCREASE 0 FREELISTS 1 FREELIST GROUPS 1 BUFFER_POOL DEFAULT FLASH_CACHE DEFAULT CELL_FLASH_CACHE DEFAULT)
  TABLESPACE "SYSTEM"  ENABLE;
  ALTER TABLE "DAVINCI"."RESTAURANTS" MODIFY ("MOD_DATE" NOT NULL ENABLE);
  ALTER TABLE "DAVINCI"."RESTAURANTS" MODIFY ("CRE_DATE" NOT NULL ENABLE);
  ALTER TABLE "DAVINCI"."RESTAURANTS" MODIFY ("CONTENTS" NOT NULL ENABLE);
  ALTER TABLE "DAVINCI"."RESTAURANTS" MODIFY ("ADDRESS" NOT NULL ENABLE);
  ALTER TABLE "DAVINCI"."RESTAURANTS" MODIFY ("CLOSED_DATES" NOT NULL ENABLE);
  ALTER TABLE "DAVINCI"."RESTAURANTS" MODIFY ("CLOSING_TIME" NOT NULL ENABLE);
  ALTER TABLE "DAVINCI"."RESTAURANTS" MODIFY ("OPERATING_TIME" NOT NULL ENABLE);
  ALTER TABLE "DAVINCI"."RESTAURANTS" MODIFY ("PHONE" NOT NULL ENABLE);
  ALTER TABLE "DAVINCI"."RESTAURANTS" MODIFY ("CATEGORY" NOT NULL ENABLE);
  ALTER TABLE "DAVINCI"."RESTAURANTS" MODIFY ("RESTAURANT_NAME" NOT NULL ENABLE);
  ALTER TABLE "DAVINCI"."RESTAURANTS" MODIFY ("MEMBER_NO" NOT NULL ENABLE);
--------------------------------------------------------
--  Constraints for Table REVIEW
--------------------------------------------------------

  ALTER TABLE "DAVINCI"."REVIEW" ADD PRIMARY KEY ("REVIEW_NO")
  USING INDEX PCTFREE 10 INITRANS 2 MAXTRANS 255 
  STORAGE(INITIAL 65536 NEXT 1048576 MINEXTENTS 1 MAXEXTENTS 2147483645
  PCTINCREASE 0 FREELISTS 1 FREELIST GROUPS 1 BUFFER_POOL DEFAULT FLASH_CACHE DEFAULT CELL_FLASH_CACHE DEFAULT)
  TABLESPACE "SYSTEM"  ENABLE;
  ALTER TABLE "DAVINCI"."REVIEW" MODIFY ("MOD_DATE" NOT NULL ENABLE);
  ALTER TABLE "DAVINCI"."REVIEW" MODIFY ("CRE_DATE" NOT NULL ENABLE);
  ALTER TABLE "DAVINCI"."REVIEW" MODIFY ("CONTENTS" NOT NULL ENABLE);
  ALTER TABLE "DAVINCI"."REVIEW" MODIFY ("MEMBER_NO" NOT NULL ENABLE);
  ALTER TABLE "DAVINCI"."REVIEW" MODIFY ("RESTAURANT_NO" NOT NULL ENABLE);
--------------------------------------------------------
--  Constraints for Table TB_FILE
--------------------------------------------------------

  ALTER TABLE "DAVINCI"."TB_FILE" ADD PRIMARY KEY ("IDX")
  USING INDEX PCTFREE 10 INITRANS 2 MAXTRANS 255 
  STORAGE(INITIAL 65536 NEXT 1048576 MINEXTENTS 1 MAXEXTENTS 2147483645
  PCTINCREASE 0 FREELISTS 1 FREELIST GROUPS 1 BUFFER_POOL DEFAULT FLASH_CACHE DEFAULT CELL_FLASH_CACHE DEFAULT)
  TABLESPACE "SYSTEM"  ENABLE;
  ALTER TABLE "DAVINCI"."TB_FILE" MODIFY ("CRE_DATE" NOT NULL ENABLE);
  ALTER TABLE "DAVINCI"."TB_FILE" MODIFY ("STORED_FILE_NAME" NOT NULL ENABLE);
  ALTER TABLE "DAVINCI"."TB_FILE" MODIFY ("ORIGINAL_FILE_NAME" NOT NULL ENABLE);
  ALTER TABLE "DAVINCI"."TB_FILE" MODIFY ("PARENT_SEQ" NOT NULL ENABLE);
--------------------------------------------------------
--  Ref Constraints for Table BOARD
--------------------------------------------------------

  ALTER TABLE "DAVINCI"."BOARD" ADD CONSTRAINT "BOARD_MEMBER_NO_FK" FOREIGN KEY ("MEMBER_NO")
	  REFERENCES "DAVINCI"."MEMBERS" ("MEMBER_NO") ENABLE;
--------------------------------------------------------
--  Ref Constraints for Table BOARD_FILE
--------------------------------------------------------

  ALTER TABLE "DAVINCI"."BOARD_FILE" ADD CONSTRAINT "BOARD_FILE_PARENT_SEQ_FK" FOREIGN KEY ("PARENT_SEQ")
	  REFERENCES "DAVINCI"."BOARD" ("BOARD_NO") ENABLE;
--------------------------------------------------------
--  Ref Constraints for Table COMMENTS
--------------------------------------------------------

  ALTER TABLE "DAVINCI"."COMMENTS" ADD CONSTRAINT "COMMENTS_MEMBER_NO_FK" FOREIGN KEY ("MEMBER_NO")
	  REFERENCES "DAVINCI"."MEMBERS" ("MEMBER_NO") ENABLE;
--------------------------------------------------------
--  Ref Constraints for Table HITS
--------------------------------------------------------

  ALTER TABLE "DAVINCI"."HITS" ADD CONSTRAINT "HITS_BOARD_NO_FK" FOREIGN KEY ("BOARD_NO")
	  REFERENCES "DAVINCI"."BOARD" ("BOARD_NO") ENABLE;
  ALTER TABLE "DAVINCI"."HITS" ADD CONSTRAINT "HITS_MEMBER_NO_FK" FOREIGN KEY ("MEMBER_NO")
	  REFERENCES "DAVINCI"."MEMBERS" ("MEMBER_NO") ENABLE;
--------------------------------------------------------
--  Ref Constraints for Table MENUS
--------------------------------------------------------

  ALTER TABLE "DAVINCI"."MENUS" ADD CONSTRAINT "MENUS_MEMBER_NO_FK" FOREIGN KEY ("MEMBER_NO")
	  REFERENCES "DAVINCI"."MEMBERS" ("MEMBER_NO") ENABLE;
  ALTER TABLE "DAVINCI"."MENUS" ADD CONSTRAINT "MENUS_RESTAURANT_NO_FK" FOREIGN KEY ("RESTAURANT_NO")
	  REFERENCES "DAVINCI"."RESTAURANTS" ("RESTAURANT_NO") ENABLE;
--------------------------------------------------------
--  Ref Constraints for Table RECOMMEND
--------------------------------------------------------

  ALTER TABLE "DAVINCI"."RECOMMEND" ADD CONSTRAINT "RECOMMEND_BOARD_NO_FK" FOREIGN KEY ("BOARD_NO")
	  REFERENCES "DAVINCI"."BOARD" ("BOARD_NO") ENABLE;
  ALTER TABLE "DAVINCI"."RECOMMEND" ADD CONSTRAINT "RECOMMEND_COMMENT_NO_FK" FOREIGN KEY ("COMMENT_NO")
	  REFERENCES "DAVINCI"."COMMENTS" ("COMMENT_NO") ENABLE;
  ALTER TABLE "DAVINCI"."RECOMMEND" ADD CONSTRAINT "RECOMMEND_COMMENT_PARENT_FK" FOREIGN KEY ("COMMENT_PARENT_NO")
	  REFERENCES "DAVINCI"."BOARD" ("BOARD_NO") ENABLE;
  ALTER TABLE "DAVINCI"."RECOMMEND" ADD CONSTRAINT "RECOMMEND_MEMBER_NO_FK" FOREIGN KEY ("MEMBER_NO")
	  REFERENCES "DAVINCI"."MEMBERS" ("MEMBER_NO") ENABLE;
--------------------------------------------------------
--  Ref Constraints for Table RESTAURANTS
--------------------------------------------------------

  ALTER TABLE "DAVINCI"."RESTAURANTS" ADD CONSTRAINT "RESTAURANTS_MEMBER_NO_FK" FOREIGN KEY ("MEMBER_NO")
	  REFERENCES "DAVINCI"."MEMBERS" ("MEMBER_NO") ENABLE;
--------------------------------------------------------
--  Ref Constraints for Table REVIEW
--------------------------------------------------------

  ALTER TABLE "DAVINCI"."REVIEW" ADD CONSTRAINT "REVIEW_MEMBER_NO_FK" FOREIGN KEY ("MEMBER_NO")
	  REFERENCES "DAVINCI"."MEMBERS" ("MEMBER_NO") ENABLE;
  ALTER TABLE "DAVINCI"."REVIEW" ADD CONSTRAINT "REVIEW_RESTAURANT_NO_FK" FOREIGN KEY ("RESTAURANT_NO")
	  REFERENCES "DAVINCI"."RESTAURANTS" ("RESTAURANT_NO") ENABLE;
--------------------------------------------------------
--  Ref Constraints for Table TB_FILE
--------------------------------------------------------

  ALTER TABLE "DAVINCI"."TB_FILE" ADD CONSTRAINT "TB_FILE_PARENT_SEQ_FK" FOREIGN KEY ("PARENT_SEQ")
	  REFERENCES "DAVINCI"."RESTAURANTS" ("RESTAURANT_NO") ENABLE;
